company,field,before,after
4intelligence,description,4intelligence is consulting firm that specializes in providing_. data analytics and 4intelligence-data- science,is consulting firm that specializes in providing_. data analytics and 4intelligence-data- science
4intelligence,company_address,"Alameda Santos; 2400; Alameda Santos, 2400, Jardim Paulista ,","Alameda Santos; 2400; Alameda Santos, 2400, Jardim Paulista"
6a5x,growth_metrics,41% | 41% | ~1% | 41% | ~1% | 5% | I1% | 56 %,41% | ~1% | 5% | 1% | 56 %
ABM Cloud,growth_metrics,~1% | 4% | 10% | 8% | 9% | ~1%,~1% | 4% | 10% | 8% | 9%
AdAdapted,description,AdAdapted is that specializes in providing marketing_ mobile advertising company adadapted com (USA) arladapted,is that specializes in providing marketing_ mobile advertising company adadapted com (USA) arladapted
AdAdapted,growth_metrics,0% | 0% | 5% | 5% | 7% | 40% | 136 % | -14%,0% | 5% | 7% | 40% | 136 % | -14%
Aeb,description,AEB is a software company specializing in global trade ad logistics solutions They_ Stuttgart arb,is a software company specializing in global trade ad logistics solutions They_ Stuttgart arb
Aeb,company_address,"Sigmaringer StraBe 109; Stuttgart; Baden-Wirttemberg 70567,",Sigmaringer StraBe 109; Stuttgart; Baden-Wirttemberg 70567
Aforza,growth_metrics,1% | 11% | 11% | 11% | 4% | 55% | 204% | 40%,1% | 11% | 4% | 55% | 204% | 40%
Afresh,description,Afresh is that specializes in software solutions for_ grocery retail technology provider afresh com (USA) alreshtechnologies,is that specializes in software solutions for_ grocery retail technology provider afresh com (USA) alreshtechnologies
AfterShip,growth_metrics,3% | 2% | 2 % | 3% | 23% | 91% | 251% | 520%,3% | 2% | 2 % | 23% | 91% | 251% | 520%
Agrim,description,Agrim Wholesale Private Limited is a BZB marketplace specializing in agri-inputs. The_ agrim app acirimwpl,Wholesale Private Limited is a BZB marketplace specializing in agri-inputs. The_ agrim app acirimwpl
Agrivi,description,AGRIVI is in digital agriculture solutions technology company specializing offers a . London agirivi,is in digital agriculture solutions technology company specializing offers a . London agirivi
Agrivi,growth_metrics,2% | -7% | -2% | 2% | ~25% | ~34% | ~2% | 5% | 332%,2% | -7% | -2% | ~25% | ~34% | ~2% | 5% | 332%
Alleaves,growth_metrics,13% | 23% | 8 % | 23% | 188 % | 136 % | ~87%,13% | 23% | 8 % | 188 % | 136 % | ~87%
Alloy.ai,description,provides data integration and analytics _ Alloy.ai is white-collar service company that alloy.ai San Francisco alloy-inc,provides data integration and analytics _ is white-collar service company that San Francisco alloy-inc
Alvys,description,Alvys is a software company that specializes in transportation management solutions. It.. alvys com Solana Beach alvysinc,is a software company that specializes in transportation management solutions. It.. alvys com Solana Beach alvysinc
Alvys,growth_metrics,"-10% | ~6% | 6% | 17% | 67% | 103% | 1,575% | ~20%",-10% | ~6% | 6% | 17% | 67% | 103% | 575% | ~20%
Ambition,growth_metrics,F1% | -1% | -4% | 4% | -4% | 4% | ~22% | -22% | ~40% | 40% | 13% | -24%,1% | -1% | -4% | 4% | ~22% | -22% | ~40% | 40% | 13% | -24%
Apicbase,growth_metrics,-4% | ~9% | 9% | -16% | -16 % | 9% | ~27% | 17% | 51%,-4% | ~9% | 9% | -16% | -16 % | ~27% | 17% | 51%
ArchiPro,description,customers with ArchiPro is digital platform that connects wide range products an: archipro.co.nz New Zealand Auckland Auckland archipro,customers with ArchiPro is digital platform that connects wide range products an: .nz New Zealand Auckland Auckland archipro
ARZERENRTIRA,company,ARZERENRTIRA],ARZERENRTIRA
ARZERENRTIRA,growth_metrics,-1% | 40% | 30% | 30% | ~25% | -40% | -22% | 222%,-1% | 40% | 30% | ~25% | -40% | -22% | 222%
autone,growth_metrics,5 % | 27% | 151% | 420% | '500% | -2%,5 % | 27% | 151% | 420% | 500% | -2%
Betterworks,description,Betterworks is a performance management software provider that offers intelligent_. betterworks com (USA) #tterworks,is a performance management software provider that offers intelligent_. betterworks com (USA) #tterworks
Betterworks,growth_metrics,6% | 7% | ~2% | 2% | 0% | ~2% | 43% | 66% | 2%,6% | 7% | ~2% | 2% | 0% | 43% | 66%
BeyondTrucks,description,BeyondTrucks is specializes in providing transportation . software company that beyondtrucks com San Francisco halulistix,is specializes in providing transportation . software company that beyondtrucks com San Francisco halulistix
Bijak,company_address,"Rd, Gurugram, Haryana 122003; Gurgaon,","Rd, Gurugram, Haryana 122003; Gurgaon"
Bijak,growth_metrics,~9% | 9% | ~9% | -9% | 9% | -16 % | -16% | 1% | 75% | 75 % | 791%,~9% | 9% | -9% | -16 % | -16% | 1% | 75% | 75 % | 791%
bijnis,description,Bijnis is a digital platform that focuses on revolutionizing the manufacturing sector by__ ~bijnis.com bijnisdotcom,is a digital platform that focuses on revolutionizing the manufacturing sector by__ ~ bijnisdotcom
bijnis,growth_metrics,"3% | 6% | 6 % | 11% | ""15% | 65% | 255% | 595% | 16 %",3% | 6% | 6 % | 11% | 15% | 65% | 255% | 595% | 16 %
Builder Prime,growth_metrics,"10% | 13% | 57% | 477% | 1,633% | '500% | 17%",10% | 13% | 57% | 477% | 633% | 500% | 17%
Burq,description,Burq is a delivery service company that provides on-demand and same-day delivery__ burqup com San Francisco bulrq,is a delivery service company that provides on-demand and same-day delivery__ burqup com San Francisco bulrq
Burq,growth_metrics,"5% | 8% | 8 % | 61% | 182% | 393% | 1,028%",5% | 8% | 8 % | 61% | 182% | 393% | 028%
BuyCo,description,BuyCo is in container shipping solutions. logistics platform that specializes offers a . Marseille buyco4shipping,is in container shipping solutions. logistics platform that specializes offers a . Marseille buyco4shipping
byrd,description,Byrd [ commerce fulfillment services. logistics company specializing offers _ getbyrd com,[ commerce fulfillment services. logistics company specializing offers _ getbyrd com
byrd,growth_metrics,-7% | ~4% | 4% | -7% | -29% | ~37% | 65% | 200%,-7% | ~4% | 4% | -29% | ~37% | 65% | 200%
Calendly,growth_metrics,~5% | -14% | -14% | ~14% | -19% | 6% | 100% | 253% | 4%,~5% | -14% | ~14% | -19% | 6% | 100% | 253% | 4%
Canibuild,description,canibuild innovative innovative site planning solutions for__. canibuild is cme software company that provides planning solutions fon ' canibuild com verumtek,innovative innovative site planning solutions for__. canibuild is cme software company that provides planning solutions fon ' canibuild com verumtek
CartonCloud,growth_metrics,1% | 3% | 3% | 10% | 44% | 116 % | 209% | 11%,1% | 3% | 10% | 44% | 116 % | 209% | 11%
Cascade,description,Cascade = offers ~offers comprehensive platform for strateg_ comprehensive platform for strateg .. strategy software company that cascade app ciiscade-strategy caiscade-strategy,= offers ~offers comprehensive platform for strateg_ comprehensive platform for strateg .. strategy software company that cascade app ciiscade-strategy caiscade-strategy
CBX Soitware,description,software provider that offers TradeBeyond supply chain management ~suite of__ cbxsoftware com Hong Kong SAR nia xsoftware,software provider that offers TradeBeyond supply chain management ~suite of__ cbxsoftware com Hong Kong SAR xsoftware
Chain.io,description,specializes Chain.io is a logistics software provider that integration solutions for the. chain.io Philadelphia Jain.io,specializes is a logistics software provider that integration solutions for the. Philadelphia Jain.io
ChapsVision,description,"specializes in data analysis and customer_ ChapsVision is software company that chapsvision.fr 501- -1,000 641 France ile-De-France Suresnes chiapsvision","specializes in data analysis and customer_ ChapsVision is software company that 501- -1,000 641 France ile-De-France Suresnes chiapsvision"
ChapsVision,growth_metrics,"105% | 137% | 161% | 262% | 416 % | 1,426 % | 7,912% | -32%",105% | 137% | 161% | 262% | 416 % | 426 % | 912% | -32%
ClimateAi,growth_metrics,6% | 6% | ~31% | ~33% | -15% | 37% | 218 % | 69%,6% | ~31% | ~33% | -15% | 37% | 218 % | 69%
CloudCart,description,CloudCart is an eCommerce platform that provides comprehensive solutions for_ cloudcart com Bulgaria Sofia City Sofia cloudcart-Ilc,is an eCommerce platform that provides comprehensive solutions for_ cloudcart com Bulgaria Sofia City Sofia cloudcart-Ilc
Company,headcount,"""201-500",
Company,growth_metrics,4% | 7% | 4% | 7% | 49% | 93% | 132% | -5%,4% | 7% | 49% | 93% | 132% | -5%
Company,company_address,York;,York
Corevist,description,Corevist; Inc. is a B2B software company that specializes providing integrated. corevist com Raleigh ctrevist,Inc. is a B2B software company that specializes providing integrated. corevist com Raleigh ctrevist
Corevist,company_address,7474 Creedmoor Road; #108;,7474 Creedmoor Road; #108
Corevist,growth_metrics,5% | 2% | 2 % | 2% | -10% | -26% | 332% | -26% | ~48%,5% | 2% | 2 % | -10% | -26% | 332% | ~48%
Cradle Technology Services (Pty) Ltd,description,solutions provider specializing in barcoding_. Cradle Technology Services technology cradle.co.za South Africa Western Cape Cape Town cradle-technology- services-pty-Itd,solutions provider specializing in barcoding_. Cradle Technology Services technology .za South Africa Western Cape Cape Town cradle-technology- services-pty-Itd
Cradle Technology Services (Pty) Ltd,company_address,"Olive Grove Business Park; Old Paardevlei Road,",Olive Grove Business Park; Old Paardevlei Road
Cradle Technology Services (Pty) Ltd,growth_metrics,-4% | -4% | 4% | ~4% | -4% | 11%,-4% | 4% | ~4% | 11%
CSEMREENRTJRA,company,CSEMREENRTJRA],CSEMREENRTJRA
Curri,description,Curri is a logistics company specializing in last-mile delivery services for construction_. curri com Ventura cuirri,is a logistics company specializing in last-mile delivery services for construction_. curri com Ventura cuirri
Curri,growth_metrics,"7% | 11% | 21% | 43% | 46% | 276% | 1,261% | 16 %",7% | 11% | 21% | 43% | 46% | 276% | 261% | 16 %
dataplor,description,dataplor is a location intelligence provider that offers comprehensive data solutions to _. dataplor com (USA) diltaplor,is a location intelligence provider that offers comprehensive data solutions to _. dataplor com (USA) diltaplor
Deck Commerce,growth_metrics,"-4% | -12% | -10% | 18 % | ~24% | 18 % | 46% | 1,148%",-4% | -12% | -10% | 18 % | ~24% | 46% | 148%
Deskera,description,Deskera is = offers integrated solutions for accounting;_ business software provider that Minneapolis duiskera,is = offers integrated solutions for accounting;_ business software provider that Minneapolis duiskera
Diginex,description,Diginex is Diginex is a sustainability software provider that specializes in ESG reporting and supply_ sustainability software provider diginex - solutions com S.A.R Hong Kong diginex-solutions - esig,is Diginex is a sustainability software provider that specializes in ESG reporting and supply_ sustainability software provider diginex - solutions com S.A.R Hong Kong diginex-solutions - esig
Distru,description,Distru is : cannabis ERP solutions: It offers a_ software company specializing in distru com Oakland distru,is : cannabis ERP solutions: It offers a_ software company specializing in distru com Oakland distru
Distru,growth_metrics,13% | 25% | 40% | 59% | 25% | 96% | 180% | -28%,13% | 25% | 40% | 59% | 96% | 180% | -28%
dolado,description,Dolado provider that connects sellers and industries_ digital marketplace and logistics dolado.com br crimpredolado,provider that connects sellers and industries_ digital marketplace and logistics br crimpredolado
Dropit,description,Dropit is offers omnichannel fulfillment solutions and_ retail technology provider that dropit shop diopit-shopping,is offers omnichannel fulfillment solutions and_ retail technology provider that dropit shop diopit-shopping
Dropit,growth_metrics,-2% | 3% | -10% | ~25% | -19% | -23% | ~25%,-2% | 3% | -10% | ~25% | -19% | -23%
Eaenu#IaEiXTRA,company,Eaenu#IaEiXTRA],Eaenu#IaEiXTRA
Eaenu#IaEiXTRA,growth_metrics,-6% | ~6% | 6 % | -6% | ~6 % | 6 % | 6 % | ~21% | 221% | ~21%,-6% | ~6% | 6 % | ~6 % | ~21% | 221%
Earri#WEE TRA,company,Earri#WEE TRA],Earri#WEE TRA
Earri#WEE TRA,growth_metrics,1% | 1% | -9% | ~34% | 30%,1% | -9% | ~34% | 30%
EASANTJRRA,company,EASANTJRRA],EASANTJRRA
EaswiaaXTRA,company,EaswiaaXTRA],EaswiaaXTRA
EaswiaaXTRA,description,Shanghai Laoqin Information Technology Co Ltd. is a labor management software provide coho.com.cn %e4%b8%8a%e6_,Shanghai Laoqin Information Technology Co Ltd. is a labor management software provide .cn %e4%b8%8a%e6_
EaswiaaXTRA,company_address,6041;,6041
Easyecom,company_address,"BLOOMINGDALE LAYOUT, OPPOSITE QUETZEL,","BLOOMINGDALE LAYOUT, OPPOSITE QUETZEL"
ecoplanet,description,EcoPlanet Green Operations GmbH is an energy management company that offers. ecoplanet tech ecoplanet-green- operations,Green Operations GmbH is an energy management company that offers. ecoplanet tech ecoplanet-green- operations
Eden,description,Eden is provider that offers solutions for desk:_ workplace management software edenworkplace com San Francisco eclen-inc -,is provider that offers solutions for desk:_ workplace management software edenworkplace com San Francisco eclen-inc -
Engage3,description,Engage3 F that provides innovative software solutions pricing intelligence company Davis eligage3,F that provides innovative software solutions pricing intelligence company Davis eligage3
Enode,growth_metrics,"3% | 7%/ | 7% | 20% | 66 % | 252% | 650% | 1,900% | 45%",3% | 7% | 20% | 66 % | 252% | 650% | 900% | 45%
enVista,description,enVista is a consulting firm specializing in supply chain strategy and enterprise _ envistacorp com (USA) erivista,is a consulting firm specializing in supply chain strategy and enterprise _ envistacorp com (USA) erivista
enVista,growth_metrics,0% | 1% | 4% | -17% | -36 % | ~27%/ | 18 % | 5%,0% | 1% | 4% | -17% | -36 % | ~27% | 18 % | 5%
ENXMIETRXTRA&,growth_metrics,~8 % | -8% | -11% | -17% | ~32% | -17%,~8 % | -8% | -11% | -17% | ~32%
Epic Gardening,description,Epic Gardening is a gardening supply retailer that offers wide range of products includin__. epicgardening com Broomfield ejiic-gardening,is a gardening supply retailer that offers wide range of products includin__. epicgardening com Broomfield ejiic-gardening
Epic Gardening,growth_metrics,"7%/ | 4% | 24% | 94% | 323% | 1,340% | 3,500% | -10%",7% | 4% | 24% | 94% | 323% | 340% | 500% | -10%
Epost Plus,growth_metrics,4% | 4% | -8 % | -26 % | 4% | 4%,4% | -8 % | -26 %
eSUB Construction Software,growth_metrics,-2% | -2% | 2% | ~8 % | -8% | -44% | 50% | ~39% | ~53% | 63%,-2% | 2% | ~8 % | -8% | -44% | 50% | ~39% | ~53% | 63%
Eturnity AG,description,Eturnity AG is specializing in renewable energy solutions. software company eturnity ch jurnity-ag,is specializing in renewable energy solutions. software company eturnity ch jurnity-ag
Eupry,description,Eupry is temperature compliance solutions for__ company that specializes in eupry com elpry-aps,is temperature compliance solutions for__ company that specializes in eupry com elpry-aps
Eupry,company_address,"~Hejrevej 28; 1; Copenhagen N, Capital Region of Denmark 2400,","~Hejrevej 28; 1; Copenhagen N, Capital Region of Denmark 2400"
EXA Kehu,growth_metrics,-3% | 3% | 6 % | 6 % | 3%,-3% | 3% | 6 %
EXA@#t WRTJRA&,description,specializing in retail technology solutions_ Burgeon Technology is a software company burgeon.cn e4%b8%8a%e6_,specializing in retail technology solutions_ Burgeon Technology is a software company e4%b8%8a%e6_
EXA@#t WRTJRA&,growth_metrics,~1% | ~1% | 5% | 6 % | 16 % | 96%,~1% | 5% | 6 % | 16 % | 96%
Explorate,description,Explorate is in freight forwarding and supply chain_. logistics company specializing exploratehq,is in freight forwarding and supply chain_. logistics company specializing exploratehq
Explorate,growth_metrics,~1% | -5% | 5% | -11% | 9% | 5% | 175% | 400%,~1% | -5% | 5% | -11% | 9% | 175% | 400%
Fergus,description,Fergus is ~provider that offers solutions for trades. job management software New Zealand Auckland Auckland fergus-software - lirnited,is ~provider that offers solutions for trades. job management software New Zealand Auckland Auckland fergus-software - lirnited
Fergus,growth_metrics,-8 % | 6 % | -12% | -12% | 10% | 30% | 23%,-8 % | 6 % | -12% | 10% | 30% | 23%
Food Market Hub,description,Food Market Hub is provides procurement and inventory_. software company that Malaysia Kuala Lumpur Petaling Jaya fcodmarkethub,is provides procurement and inventory_. software company that Malaysia Kuala Lumpur Petaling Jaya fcodmarkethub
Foyr,description,Foyr i that provides innovative tools for interior __. an interior design software company foyr com fcyr,i that provides innovative tools for interior __. an interior design software company foyr com fcyr
FreightAmigo,description,FreightAmigo is a logistics company that specializes in supply chain management an_. S.A.R Hong Kong fr eightamigo,is a logistics company that specializes in supply chain management an_. S.A.R Hong Kong fr eightamigo
FreightAmigo,company_address,Tong;,Tong
FreightAmigo,growth_metrics,9% | 9% | 27% | 64% | 360% | -2%,9% | 27% | 64% | 360% | -2%
Fresho,description,Fresho is wholesale food supply management: It offer_ software provider specializing in fresho-,is wholesale food supply management: It offer_ software provider specializing in fresho-
Frontify,description,Frontify is a brand management software company that offers solutions for organizing_ frontify com fr ontify,is a brand management software company that offers solutions for organizing_ frontify com fr ontify
Frontify,growth_metrics,3% | 5% | 3% | 11% | 68 % | 141% | 13%,3% | 5% | 11% | 68 % | 141% | 13%
GearLaunch,description,GearLaunch is an e-commerce platform that specializes in print-on-demand services __. gearlaunch com (USA) #arlaunch,is an e-commerce platform that specializes in print-on-demand services __. gearlaunch com (USA) #arlaunch
GearLaunch,growth_metrics,"2% | 6% | 6 % | 26% | 68% | 104% | 132% | ""185%",2% | 6% | 6 % | 26% | 68% | 104% | 132% | 185%
Geniemode,growth_metrics,"-4% | 0% | 4% | 23% | 137% | 2,533% | 54%",-4% | 0% | 4% | 23% | 137% | 533% | 54%
GoExpedi,description,GoExpedi is an industrial supply company that revolutionizes the supply chain for heavy_. (USA) guexpedi,is an industrial supply company that revolutionizes the supply chain for heavy_. (USA) guexpedi
GoExpedi,company_address,"8844 N Sam Houston Pkwy W; Suite 210; Houston, Texas 77064,","8844 N Sam Houston Pkwy W; Suite 210; Houston, Texas 77064"
GoExpedi,growth_metrics,-14% | -16 % | 16 % | -16 % | -49% | -66 % | 68% | -47%,-14% | -16 % | 16 % | -49% | -66 % | 68% | -47%
GoFreight,description,GoFreight is in freight forwarding solutions. They software company specia provide _. llizing gofreight com Los Angeles hilrd-core - technology-corp_,is in freight forwarding solutions. They software company specia provide _. llizing gofreight com Los Angeles hilrd-core - technology-corp_
Gokomodo,growth_metrics,"7% | 7% | 18% | 18 % | 29% | 161% | 750% | 1,754% | ~37%",7% | 18% | 18 % | 29% | 161% | 750% | 754% | ~37%
GreenPocket GmbH,description,GreenPocket GmbH F energy management solutions company specializing They . ~offer greenpocket com eenpocket-gmbh,F energy management solutions company specializing They . ~offer greenpocket com eenpocket-gmbh
GreenPocket GmbH,growth_metrics,18 % | 25% | 18 % | 22% | ~2% | ~4% | -47%,18 % | 25% | 22% | ~2% | ~4% | -47%
GreyOrange,growth_metrics,0% | 3% | 5% | 3% | 10% | 38% | 64% | -10%,0% | 3% | 5% | 10% | 38% | 64% | -10%
Group,headcount,"""201-500",
Group,company_address,"No. 2337 Gudai Road, Minhang District; Shanghai,","No. 2337 Gudai Road, Minhang District; Shanghai"
Group,growth_metrics,~2% | ~3% | 43% | ~3% | 3% | ~4%,~2% | ~3% | 43% | 3% | ~4%
Grubtech,growth_metrics,"4% | 7% | 22% | 33% | 40% | ""213% | 840%",4% | 7% | 22% | 33% | 40% | 213% | 840%
Higharc,description,Higharc = that offers an intelligent platform for homebuilding software provider higharc com higharc,= that offers an intelligent platform for homebuilding software provider higharc com higharc
Hivery,description,HIVERY is a retail technology company specializing in Al-driven solutions for_. hivery com hivery,is a retail technology company specializing in Al-driven solutions for_. hivery com hivery
Hivery,growth_metrics,~66% | 90% | 98 % | 98 % | 98 % | 98 % | ~97% | 89%,~66% | 90% | 98 % | ~97% | 89%
Hubilo,description,Hubilo is a technology company specializing in webinar software and event marketing_. (USA) hubilo,is a technology company specializing in webinar software and event marketing_. (USA) hubilo
Hubilo,growth_metrics,"9% | -11% | 11% | ~25% | 25% | -56 % | -64% | -48% | ""147% | -55%",9% | -11% | 11% | ~25% | 25% | -56 % | -64% | -48% | 147% | -55%
HypaShip,description,HypaShip is a logistics technology provider that offers modular; end-to-end platform __. Witney hwpaship,is a logistics technology provider that offers modular; end-to-end platform __. Witney hwpaship
HypaShip,growth_metrics,5 % | 10% | 16% | 16 % | 16 % | 5% | -15%,5 % | 10% | 16% | 16 % | 5% | -15%
Hyperlounge,headcount,44-41 0/0[42l2Tl is a data analysis service,
Hyperlounge,company_address,"485443374452 130; 4s2itji2 14012; 48544,",485443374452 130; 4s2itji2 14012; 48544
Hyperlounge,growth_metrics,-8% | -32% | 32% | -32% | 32% | 30% | 40% | 133%,-8% | -32% | 32% | 30% | 40% | 133%
IdeaSoft Yazilim,company_address,"Cumhuriyet Mah: Libadiye Cad. Cimen Sok No:2; Istanbul,",Cumhuriyet Mah: Libadiye Cad. Cimen Sok No:2; Istanbul
Ignite,growth_metrics,2% | 2% | 5% | 18 % | 14% | 77% | 212% | 5%,2% | 5% | 18 % | 14% | 77% | 212%
ImageDT BEE#E,growth_metrics,2% | ~2% | 2% | -2% | 2% | -2% | -14% | -11% | 14% | 84%,2% | ~2% | -2% | -14% | -11% | 14% | 84%
IndicaOnline POS Software,growth_metrics,~6% | 6% | 7% | 7%/ | -17% | 17% | 12% | 133% | 211% | 180% | ~24% | -24%,~6% | 6% | 7% | -17% | 17% | 12% | 133% | 211% | 180% | ~24% | -24%
Insite Al,growth_metrics,3% | 8% | 8 % | -4% | 4% | 1% | 116 % | 8 % | 318%,3% | 8% | 8 % | -4% | 4% | 1% | 116 % | 318%
Inspectorio,company_address,"6th St ; Suite 3900; Minneapolis, Minnesota MN 55402,","6th St ; Suite 3900; Minneapolis, Minnesota MN 55402"
InstaFreight,headcount,"""201-500",
inVia Robotics,growth_metrics,3% | 71% | ~1% | 8 % | -8 % | -14% | -35% | 20% | 20% | 59%,3% | 71% | ~1% | 8 % | -8 % | -14% | -35% | 20% | 59%
ItrxxbnitrefAJ,growth_metrics,34% | 1% | 1% | 5% | 27%,34% | 1% | 5% | 27%
Iunu,description,IUNU is an agricultural technology company that provides Al-assisted growing solutions. iunu com Seattle iunu,is an agricultural technology company that provides Al-assisted growing solutions. iunu com Seattle iunu
Iunu,growth_metrics,4% | -7% | -7% | -12% | 13% | 73% | 143% | 155%,4% | -7% | -12% | 13% | 73% | 143% | 155%
jitiaei^TIRA,company,jitiaei^TIRA-,jitiaei^TIRA
jitiaei^TIRA,growth_metrics,9% | 18 % | 15% | 11% | 18 % | 40% | ~72%,9% | 18 % | 15% | 11% | 40% | ~72%
Kardinal,growth_metrics,~1% | 32% | 7%/ | 7% | 3% | 14% | 128% | 128 % | 128 % | 128%,~1% | 32% | 7% | 3% | 14% | 128% | 128 %
Katana Cloud Inventory,description,Katana cloud inventory management solutions: software company that provides katanamrp: com Estonia Harju Tallinn Itanamrp,management solutions: software company that provides katanamrp: com Estonia Harju Tallinn Itanamrp
Katana Cloud Inventory,growth_metrics,-13% | -16% | -16 % | -16% | -16 % | -18% | 8 % | 137% | 447% | -18%,-13% | -16% | -16 % | -18% | 8 % | 137% | 447%
Keen Decision Systems,growth_metrics,10% | 18 % | 10% | -1% | -1% | 13% | 54% | 72%,10% | 18 % | -1% | 13% | 54% | 72%
Khulal,description,Khula digital solutions for farmers and buyers an agri-tech platform that provides Ath;; khula.co.za South Africa Gauteng Johannesburg ktiulaagriculturete __.,Khula digital solutions for farmers and buyers an agri-tech platform that provides Ath;; .za South Africa Gauteng Johannesburg ktiulaagriculturete __.
Khulal,company_address,"Bompas Road Dunkeld West; Johannesburg, Gauteng 2191,","Bompas Road Dunkeld West; Johannesburg, Gauteng 2191"
Kiddom,description,Kiddom is an educational technology provider that offers comprehensive digital curriculu__. kiddom co San Francisco kiddom,is an educational technology provider that offers comprehensive digital curriculu__. kiddom co San Francisco kiddom
Kleene.ai,description,"28, 2025 12.57 PM ~solutions provider that offers solutions provider that offers Kleene.ai is ~data management ad Al data management and Al range of__ range of_.. kleene: kleene.ai (UK) minoro","28, 2025 12.57 PM ~solutions provider that offers solutions provider that offers is ~data management ad Al data management and Al range of__ range of_.. kleene: (UK) minoro"
Kleene.ai,company_address,"32-38 Leman Street, Aldgate East; Aldgate East; London,","32-38 Leman Street, Aldgate East; Aldgate East; London"
Kojo,description,Kojo is material management solutions for the__ material management solutions for the: software company that provides San Francisco aglora-systems-inc arlora-systems-inc,is material management solutions for the__ material management solutions for the: software company that provides San Francisco aglora-systems-inc arlora-systems-inc
LBB,description,LBB is a technology company that specializes in mobile ordering solutions for the food__ Ibb.co.jp ~Japan Osaka Osaka nia,is a technology company that specializes in mobile ordering solutions for the food__ .jp ~Japan Osaka Osaka
LeanDNA,description,LeanDNA is in inventory optimization and supply chain_. software company specializing (USA) Ieandna,is in inventory optimization and supply chain_. software company specializing (USA) Ieandna
LevaData,company_address,Floor;,Floor
Leverage,description,Leverage Al is company that offers Al-powered solutions supply chain management Ivrginc,Al is company that offers Al-powered solutions supply chain management Ivrginc
Leverage,growth_metrics,"~2% | 16% | 16 % | -10% | -10% | 29% | 400% | 1,650% | -12%",~2% | 16% | 16 % | -10% | 29% | 400% | 650% | -12%
Livespace,description,Livespace is offers comprehensive platform designed - CRM software provider that Warsaw Iin 'espace,is offers comprehensive platform designed - CRM software provider that Warsaw Iin 'espace
Livespace,growth_metrics,3% | F1% | 1% | 43% | 73% | 68 % | 103% | 126 % | -17%,3% | 1% | 43% | 73% | 68 % | 103% | 126 % | -17%
Logcomex,description,Logcomex is a logistics technology company that provides software solutions for planning_ logcomex com Cidade De. logcomex,is a logistics technology company that provides software solutions for planning_ logcomex com Cidade De. logcomex
LogicLadder,description,LogicLadder E provider that offers solutions for energy_. sustainability software logicladder com logicladder,E provider that offers solutions for energy_. sustainability software logicladder com logicladder
LogicLadder,company_address,"Unitech Cyber Park; Sector 39; Gurugram,",Unitech Cyber Park; Sector 39; Gurugram
Logistics Operating,growth_metrics,-9% | -6% | 6 % | -6% | 6 % | -17% | 16 % | 93% | 480%,-9% | -6% | 6 % | -17% | 16 % | 93% | 480%
Logiwa,description,Logiwa is warehouse management and fulfillment__. software company specializing in Chicago logiwa,is warehouse management and fulfillment__. software company specializing in Chicago logiwa
Logixboard,description,Logixboard is a logistics technology provider that offers a customer experience platform_. logixboard com Seattle logixboard,is a logistics technology provider that offers a customer experience platform_. logixboard com Seattle logixboard
Logixboard,company_address,"1100 NE Campus Pkwy; Suite 200; Seattle, Washington 98105,","1100 NE Campus Pkwy; Suite 200; Seattle, Washington 98105"
Logixboard,growth_metrics,~2% | ~2% | 2% | -41% | -60% | -52% | 27% | 206% | 4%,~2% | 2% | -41% | -60% | -52% | 27% | 206% | 4%
LoyaltyLion,description,LoyaltyLion is offers software solutions to enhance: loyalty program provider that Ioyaltylion com London Ioyaltylion,is offers software solutions to enhance: loyalty program provider that Ioyaltylion com London Ioyaltylion
Makersite,description,Makersite is in product lifecycle intelligence and_ software company specializing Stuttgart makersitede,is in product lifecycle intelligence and_ software company specializing Stuttgart makersitede
Makersite,growth_metrics,13% | 32% | 64% | 154% | 431% | 963% | 963% | -20%,13% | 32% | 64% | 154% | 431% | 963% | -20%
Mappedin,description,Mappedin Inc_ is a mapping software provider specializing in indoor mapping and navigatio_. mappedin com FI Canada Ontario Waterloo mappedin,Inc_ is a mapping software provider specializing in indoor mapping and navigatio_. mappedin com FI Canada Ontario Waterloo mappedin
Mappedin,growth_metrics,~1% | 2% | ~1% | -7%6 | 28% | 48% | 86 %,~1% | 2% | -7% | 28% | 48% | 86 %
MarketUP,description,MarketUP is that offers comprehensive ERP solution_. business management platform marketup brasil,is that offers comprehensive ERP solution_. business management platform marketup brasil
MarketUP,company_address,"Avenida Paulista,854; 170 andar; Sao Paulo, Sao Paulo 01310913,","Avenida Paulista,854; 170 andar; Sao Paulo, Sao Paulo 01310913"
mater,growth_metrics,~5% | -7%6 | -7% | -16% | -16 % | 4% | 50% | 410%,~5% | -7% | -16% | -16 % | 4% | 50% | 410%
Meal Ticket,description,Meal Ticket is a software company that provides specialized solutions for foodservi__. mealticket com Boise meal-ticket,is a software company that provides specialized solutions for foodservi__. mealticket com Boise meal-ticket
Meal Ticket,growth_metrics,"3% | 10% | 10% | 6% | 51% | 127% | ""156%",3% | 10% | 6% | 51% | 127% | 156%
melonn,description,Melonn is = fulfillment services for logistics company specializing in ~commerce and:_ melonn com Colombia Antioquia Puerto Nare,is = fulfillment services for logistics company specializing in ~commerce and:_ melonn com Colombia Antioquia Puerto Nare
MI2107lz,growth_metrics,16% | 31% | 61% | 162% | 320% | 320%,16% | 31% | 61% | 162% | 320%
Naologic,description,Naologic is Naologic / Al-enabled no-code platform for Al-enabled no-code platform software company that offers an software company that offers for building_ building_. naologic com San Francisco lologic Iologic,is Naologic / Al-enabled no-code platform for Al-enabled no-code platform software company that offers an software company that offers for building_ building_. naologic com San Francisco lologic Iologic
Naologic,growth_metrics,-9% | 9% | -16% | -16 % | 11% | 42% | 233% | 233%,-9% | 9% | -16% | -16 % | 11% | 42% | 233%
Napta,description,Napta is a staffing solution provider that offers comprehensive platform for staffing and_. pickyourskills,is a staffing solution provider that offers comprehensive platform for staffing and_. pickyourskills
NextBillion.a,description,specializing in logistics and route optimizati_ NextBillion.ai is a software company nextbillion.ai extbillion-ai,specializing in logistics and route optimizati_ is a software company extbillion-ai
NextBillion.a,growth_metrics,-10% | -10% | -16% | -23% | -13% | 23% | 97% | 25%,-10% | -16% | -23% | -13% | 23% | 97% | 25%
Nyshex,description,NYSHEX is a logistics technology company that provides digital infrastructure for global__. nyshex com nW-york-shipping- exchange-nyshex-,is a logistics technology company that provides digital infrastructure for global__. nyshex com nW-york-shipping- exchange-nyshex-
Omnea,growth_metrics,"48% | 71% | 154% | 456% | ,800% | 13%",48% | 71% | 154% | 456% | 800% | 13%
Onebrief,description,Onebrief is company that provides innovative tools for_ military planning software onebrief com Honolulu ollebrief,is company that provides innovative tools for_ military planning software onebrief com Honolulu ollebrief
Onebrief,growth_metrics,"16 % | 46% | 129% | 506% | 1,005% | 2,250% | 3,660%",16 % | 46% | 129% | 506% | 005% | 250% | 660%
ONES.com,description,company that offers company that offers a comprehensive__ ONES.com is = software development compre ensive ones com ones.com San Jose ~srart-ones srnart-ones,company that offers company that offers a comprehensive__ is = software development compre ensive ones com San Jose ~srart-ones srnart-ones
ONES.com,growth_metrics,~0% | -0% | 5% | 5 % | 4% | 4% | 108 % | 108%,~0% | -0% | 5% | 5 % | 4% | 108 % | 108%
Onfleet,growth_metrics,5% | 2% | 7%/ | 7% | -12% | ~25% | 6% | 137% | -23%,5% | 2% | 7% | -12% | ~25% | 6% | 137% | -23%
Optilogic Inc.,growth_metrics,"22% | 38 % | 67% | 159% | 284% | 746% | 3,075 % | 42%",22% | 38 % | 67% | 159% | 284% | 746% | 075 % | 42%
OrderStorm Inc,company,OrderStorm Inc:,OrderStorm Inc
Oro Inc,company,Oro Inc:,Oro Inc
Oro Inc,description,Oro Inc is eCommerce and CRM solutions. They offer _. software company specializing in oroinc com (USA) olo-inc-,is eCommerce and CRM solutions. They offer _. software company specializing in oroinc com (USA) olo-inc-
Oro Inc,growth_metrics,"""15% | 34% | 44%",15% | 34% | 44%
Outbuild,description,Outbuild is specializes software company that construction scheduling and:_ San Francisco pl oplannerconstru__.,is specializes software company that construction scheduling and:_ San Francisco pl oplannerconstru__.
Outbuild,growth_metrics,9% | 27% | 84% | 84% | 7%,9% | 27% | 84% | 7%
Pando,description,Pando is a technology company specializing in Al-powered supply chain management _ Chicago lirnited piindocorp-private - piindocorp-private-,is a technology company specializing in Al-powered supply chain management _ Chicago lirnited piindocorp-private - piindocorp-private-
paretos,growth_metrics,3% | 23% | 52% | 52% | 70% | 431%,3% | 23% | 52% | 70% | 431%
Partful,description,Partful is a software company that specializes in providing 3D exploded parts catalogs and_ (UK) stimsonvt,is a software company that specializes in providing 3D exploded parts catalogs and_ (UK) stimsonvt
Pepper,description,Pepper i provides Pepper is = provides eCommerce solutions for food__ eCommerce technology company that solutions for food . usepepper com fepepper epepper,i provides Pepper is = provides eCommerce solutions for food__ eCommerce technology company that solutions for food . usepepper com fepepper epepper
Petpooja,company_address,"3rd Floor; Gopal Palace; Nehrunagar; Ahmedabad,",3rd Floor; Gopal Palace; Nehrunagar; Ahmedabad
Pico,description,Pico MES is a technology solutions company that specializes in digital manufacturing_ picomes com San Francisco picomes,MES is a technology solutions company that specializes in digital manufacturing_ picomes com San Francisco picomes
Pietra,description,Pietra is an e-commerce platform for entrepreneurs__ technology company that provides (USA) pietra-marketplace,is an e-commerce platform for entrepreneurs__ technology company that provides (USA) pietra-marketplace
Pietra,growth_metrics,"3% | 8 % | 8% | 13% | ~47% | 265% | 1,077% | 960%",3% | 8 % | 8% | 13% | ~47% | 265% | 077% | 960%
Pixibo,description,Pixibo is a technology company specializing in size and fit solutions for the fashion retail _ pixibo,is a technology company specializing in size and fit solutions for the fashion retail _ pixibo
plancraft,growth_metrics,"18 % | 42% | 141% | 235% | 642% | 1,055% | -94%",18 % | 42% | 141% | 235% | 642% | 055% | -94%
Plandek,description,Plandek is specializes in providing engineering-_. software company that plandek com London plandek,is specializes in providing engineering-_. software company that plandek com London plandek
Planet FWD,description,Planet FWD is a consulting firm specializing in decarbonization solutions for businesses in__. (USA) planet-fwd,is a consulting firm specializing in decarbonization solutions for businesses in__. (USA) planet-fwd
Planet FWD,growth_metrics,"2% | -7% | ""7% | 7% | 5% | 40% | 216 % | 850% | -30%",2% | -7% | 7% | 5% | 40% | 216 % | 850% | -30%
PlanRadar,description,PlanRadar is a software company that provides digital platform for construction__. planradar,is a software company that provides digital platform for construction__. planradar
PlanRadar,growth_metrics,1% | 4% | 1% | 35% | 155% | 373% | 2%,1% | 4% | 35% | 155% | 373% | 2%
PlatformE,growth_metrics,~5% | 5% | ~15% | -15% | 5% | 4% | 11% | 31%,~5% | 5% | ~15% | -15% | 4% | 11% | 31%
Praktis,description,Praktis is a supply chain solutions provider that specializes in manufacturing and logisti__ plakasa-triputra - stilusi,is a supply chain solutions provider that specializes in manufacturing and logisti__ plakasa-triputra - stilusi
Praktis,growth_metrics,"8 % | -10% | 1% | 9% | 165% | 600% | 1,400% | 19%",8 % | -10% | 1% | 9% | 165% | 600% | 400% | 19%
Prewave,growth_metrics,"33% | 7% | 26% | 119% | 438% | 1,085 % | 2,533% | 72%",33% | 7% | 26% | 119% | 438% | 085 % | 533% | 72%
Proggio,description,Proggio is provider that offers project management software comprehensive platfor _ ploggio,is provider that offers project management software comprehensive platfor _ ploggio
Proggio,growth_metrics,-11% | -15% | -31% | 31% | -27% | -11% | 10% | 88 % | 19%,-11% | -15% | -31% | 31% | -27% | 10% | 88 % | 19%
ProjectManager,description,ProjectManager F ~softwa provider that offers project management comprehensi._ projectmanager:com Austin plojectmanager-com,F ~softwa provider that offers project management comprehensi._ projectmanager:com Austin plojectmanager-com
ProjectManager,growth_metrics,3% | 11% | 11% | 26% | 40% | 76% | -12%,3% | 11% | 26% | 40% | 76% | -12%
Proton.ai,growth_metrics,6 % | 12% | 34% | 44% | 6 % | 72% | 313% | 8 %,6 % | 12% | 34% | 44% | 72% | 313% | 8 %
Proximity,company_address,"Runway East, 52 Tabernacle Street; London, England ECZ A4NJ,","Runway East, 52 Tabernacle Street; London, England ECZ A4NJ"
Proximity,growth_metrics,"-7%6 | ~7% | -9% | ~9% | 9% | -13% | ~20% | ""7% | -7% | 44% | 44% | -6%",-7% | ~7% | -9% | ~9% | 9% | -13% | ~20% | 7% | 44% | -6%
Rebuy Engine,growth_metrics,"0% | 1% | 2% | 16% | 134% | 1,120% | 6,000% | -13%",0% | 1% | 2% | 16% | 134% | 120% | 000% | -13%
Regrello,description,Regrello is = supply chain and operations management__. software company special lizing San Francisco regrello,is = supply chain and operations management__. software company special lizing San Francisco regrello
REM People,description,Rem People is Rem People is a retail analytics company based in Istanbul and__ retail technology and technology and rempeople com Turkey istanbul Istanbul rem-people,is Rem People is a retail analytics company based in Istanbul and__ retail technology and technology and rempeople com Turkey istanbul Istanbul rem-people
REM People,growth_metrics,3% | 3% | 8 % | -8% | -8 % | 6% | 6 % | 55% | 77% | 196% | 196 %,3% | 8 % | -8% | -8 % | 6% | 6 % | 55% | 77% | 196% | 196 %
Remarcable,growth_metrics,"26% | 51% | 82% | 194% | 562% | 2,550%",26% | 51% | 82% | 194% | 562% | 550%
Replenium,growth_metrics,8% | -21% | 21% | ~21% | 21% | 45% | ~54% | -56 % | -35% | -18 %,8% | -21% | 21% | ~21% | 45% | ~54% | -56 % | -35% | -18 %
Replica,description,Replica is provides tools and datasets for transportatio__ data analytics company that replicahq com Leawood replicacities,is provides tools and datasets for transportatio__ data analytics company that replicahq com Leawood replicacities
Replica,growth_metrics,41% | F1% | -1% | -8% | -8 % | -21% | -41% | -10% | 88 % | -17%,41% | 1% | -1% | -8% | -8 % | -21% | -41% | -10% | 88 % | -17%
Rewaa,growth_metrics,"-5% | ~7% | 7% | 15% | 98% | 295% | 1,058% | 2,059% | 2%",-5% | ~7% | 7% | 15% | 98% | 295% | 058% | 059% | 2%
Rhim Ewrrtra&,headcount,"""201-500",
Rundoo,description,Rundoo is point-of-sale solutions tailored for paint and_ software company that provides getrundoo com Redwood City rndoo,is point-of-sale solutions tailored for paint and_ software company that provides getrundoo com Redwood City rndoo
Rundoo,growth_metrics,"15% | 22% | 144% | 193% | 340% | 2,100% | 41%",15% | 22% | 144% | 193% | 340% | 100% | 41%
Safesite,description,Safesite is a safety management software provider that offers a comprehensive platfor__ safesitehq com (USA) saifesite,is a safety management software provider that offers a comprehensive platfor__ safesitehq com (USA) saifesite
Sales Layer,description,Sales Layer = specializes in Product Information. software company that saleslayer com Valencia ~seiles-layer,= specializes in Product Information. software company that saleslayer com Valencia ~seiles-layer
Sales Layer,company_address,"Luz; Planta 82; Valencia,",Luz; Planta 82; Valencia
Sales Layer,growth_metrics,2% | 2% | 4% | 16 % | 12% | 76% | 185 % | -26%,2% | 4% | 16 % | 12% | 76% | 185 % | -26%
Saltmine,description,"Saltmine is - that integrates data, people, and processes workplace optimization platform San Francisco Itmine]","is - that integrates data, people, and processes workplace optimization platform San Francisco Itmine]"
Scurri,description,Scurri is a delivery management software Scurri is provider that offers solutions Iike Scurri__. provider that offers solutions like Scurri _. delivery management software ~scurri com scurri com Wexford scurri ~scurri,is a delivery management software Scurri is provider that offers solutions Iike Scurri__. provider that offers solutions like Scurri _. delivery management software ~scurri com scurri com Wexford scurri ~scurri
Scurri,growth_metrics,~1% | ~4% | -4% | 4% | ~1% | -1% | 25% | 25% | 42% | 76% | 76 % | 33%,~1% | ~4% | -4% | 4% | -1% | 25% | 42% | 76% | 76 % | 33%
SELLinALL,company_address,"ebar Rd; Az@payalebar; Singapore, 409015,","ebar Rd; Az@payalebar; Singapore, 409015"
SENRTJRRA,company,SENRTJRRA],SENRTJRRA
SENRTJRRA,growth_metrics,3% | 3% | -10%,3% | -10%
Sera Systems,description,Sera Systems Inc is a software company that provides field service management solution_ (USA) ~serviceshiftsoftware,Inc is a software company that provides field service management solution_ (USA) ~serviceshiftsoftware
Shipper,description,Shipper is a logistics company that provides integrated ~commerce solutions shipperid shipper-indonesia,is a logistics company that provides integrated ~commerce solutions shipperid shipper-indonesia
Shippit,description,Shippit i provides multi-carrier shipping software and_ logistics technology company that shippit com shippit,i provides multi-carrier shipping software and_ logistics technology company that shippit com shippit
Shippit,growth_metrics,4% | 3% | ~2%/ | 2% | -15% | ~7% | 21% | 117% | -6 %,4% | 3% | ~2% | 2% | -15% | ~7% | 21% | 117% | -6 %
ShippyPro,description,ShippyPro is a shipping software provider that offers solutions for commerce businesses . shippypro com shippypro,is a shipping software provider that offers solutions for commerce businesses . shippypro com shippypro
ShippyPro,growth_metrics,-4% | -8% | -4% | 4% | -14% | I1% | 64% | 245% | 6%,-4% | -8% | 4% | -14% | 1% | 64% | 245% | 6%
Shipwell,description,Shipwell is a specializing in transportation management _ Shipwell is a logistics technology provider specializing in transportation management_. logistics technology provider shipwell com Austin lipwell hipwell,is a specializing in transportation management _ Shipwell is a logistics technology provider specializing in transportation management_. logistics technology provider shipwell com Austin lipwell hipwell
Shop Circle,description,Shop Circle is e-commerce software solutions: ecommerce software solutions SaaS company specializing in It offers = offers a . London stiop-circle shiop-circle,is e-commerce software solutions: ecommerce software solutions SaaS company specializing in It offers = offers a . London stiop-circle shiop-circle
Shop Circle,growth_metrics,"4% | 6 % | 6% | 32% | 310% | 505% | 12,000% | 4%",4% | 6 % | 6% | 32% | 310% | 505% | 000%
SideChef,description,"SideChef is comprehensive range of recipes, meal__ cooking platform that offers a sidechef com (USA) si Jechef","is comprehensive range of recipes, meal__ cooking platform that offers a sidechef com (USA) si Jechef"
Sindabad com,company_address,"Khilkhet; Dhaka 1229; Dhaka,",Khilkhet; Dhaka 1229; Dhaka
Sindabad com,growth_metrics,41% | ~1% | -1% | 41% | -1% | 1% | -0% | -12% | 27% | 60% | -4% | 4%,41% | ~1% | -1% | 1% | -0% | -12% | 27% | 60% | -4% | 4%
Smacc,description,SMACC is a software company that specializes in providing enterprise resource__ smacc com Saudi Arabia Riyadh Riyadh srnaccsoftware,is a software company that specializes in providing enterprise resource__ smacc com Saudi Arabia Riyadh Riyadh srnaccsoftware
Smacc,company_address,"Eastern Ring Road, Exit 14, Al Riyan Area Riyadh, Saudi Arabia;","Eastern Ring Road, Exit 14, Al Riyan Area Riyadh, Saudi Arabia"
Smacc,growth_metrics,"23% | 94% | 117% | 105% | 516 % | 1,750% | -18%",23% | 94% | 117% | 105% | 516 % | 750% | -18%
Smart Fabric,growth_metrics,6% | ~5% | 5% | 6% | 6 % | 14% | 33% | 5% | 433%,6% | ~5% | 5% | 6 % | 14% | 33% | 433%
Smartwyre,description,Smartwyre is an agricultural technology company that provides software solutions smartwyre com Denver srnartwyre,is an agricultural technology company that provides software solutions smartwyre com Denver srnartwyre
SpaceFill,description,Spacefill is a logistics technology provider that offers 3PL management platform__ spacefill fr nia,is a logistics technology provider that offers 3PL management platform__ spacefill fr
Spotio,growth_metrics,4% | 4% | 13% | 8 % | 24% | 67% | 86 % | -21%,4% | 13% | 8 % | 24% | 67% | 86 % | -21%
Stable,description,Stable is specializes specializes in supply chain solutions for_. risk management company that supply chain solutions for_. stableprice com Bermuda Pembroke Hamilton stableprice,is specializes specializes in supply chain solutions for_. risk management company that supply chain solutions for_. stableprice com Bermuda Pembroke Hamilton stableprice
Staffinc Group,company_address,"Tower; JI H.R Rasuna Said No.13, RT.ZIRW.2, Kuningan,","Tower; JI H.R Rasuna Said No.13, RT.ZIRW.2, Kuningan"
Stonly,description,"Stonly is a software company that specializes in customer service solutions, offering_. stonly","is a software company that specializes in customer service solutions, offering_. stonly"
Stonly,growth_metrics,3% | 4% | ~5% | 5% | -19% | 5% | 103% | 293% | -33%,3% | 4% | ~5% | 5% | -19% | 103% | 293% | -33%
Survicate,description,Survicate is offers tools for collecting and analyzing__. survey software provider that ~suirvicate,is offers tools for collecting and analyzing__. survey software provider that ~suirvicate
Survicate,growth_metrics,5% | 5% | 7% | 3% | 33% | 115% | 100% | ~4%,5% | 7% | 3% | 33% | 115% | 100% | ~4%
Syrup Tech,growth_metrics,-2% | ~9% | -9% | -9% | 71% | 220% | 700% | -53%,-2% | ~9% | -9% | 71% | 220% | 700% | -53%
Tailor,growth_metrics,"7% | 42% | 166 % | 540% | 1,466 % | -19%",7% | 42% | 166 % | 540% | 466 % | -19%
Tajir,growth_metrics,"1% | ~6% | ~6 % | 6% | 6 % | ~2% | 2% | 47% | 346% | 1,506 % | 1,506%",1% | ~6% | ~6 % | 6% | 6 % | ~2% | 2% | 47% | 346% | 506 % | 506%
TallOrder Solutions,description,TallOrder Solutions Pty (Ltd) is TallOrder Solutions Pty (Ltd) is a company that provides point of sale solutions tailored fort__. provides point of sale solutions tailored fort_. company that tallorderpos com South Africa Western Cape Paarl cloudonemobi,Pty (Ltd) is TallOrder Solutions Pty (Ltd) is a company that provides point of sale solutions tailored fort__. provides point of sale solutions tailored fort_. company that tallorderpos com South Africa Western Cape Paarl cloudonemobi
TallOrder Solutions,growth_metrics,"2% | 2% | 2% | ""15% | 15% | 27% | 48%",2% | 15% | 27% | 48%
Tezign #J24,growth_metrics,~3% | 3% | 5% | -12% | -7% | 5% | 49% | 53%,~3% | 3% | 5% | -12% | -7% | 49% | 53%
Threecolts,growth_metrics,"10% | 33% | 124% | 248% | 657% | 10,000% | 431%",10% | 33% | 124% | 248% | 657% | 000% | 431%
Tiled,description,Tiled is an interactive content platform that enables businesses to create engaging sale _ (USA) Diego tiled,is an interactive content platform that enables businesses to create engaging sale _ (USA) Diego tiled
Tiled,company_address,"11848 Bernardo Plaza Ct; Ste 110; San Diego, California 92128,","11848 Bernardo Plaza Ct; Ste 110; San Diego, California 92128"
Tiled,growth_metrics,6 % | 3% | 3% | -16% | -43% | 44% | -22% | ~34%,6 % | 3% | -16% | -43% | 44% | -22% | ~34%
Tjek,description,Tjek is a digital marketing agency that specializes in providing automated digital__. tjek com ~tjuk,is a digital marketing agency that specializes in providing automated digital__. tjek com ~tjuk
Tradlinx,description,"Tradlinx is a offers the Zimgo service, logistics software provider that cloud-based__. tradlinx com S.A.R Hong Kong Hong Kong Island Tamar Park tr adlinxcorp","is a offers the Zimgo service, logistics software provider that cloud-based__. tradlinx com S.A.R Hong Kong Hong Kong Island Tamar Park tr adlinxcorp"
TranZact,growth_metrics,-1% | 41% | 43% | -3% | 3% | 1% | 2% | 162% | 288 % | 288% | 234% | 2%,-1% | 41% | 43% | -3% | 3% | 1% | 2% | 162% | 288 % | 288% | 234%
Ttez (New Core Tech),growth_metrics,9% | 9% | 43% | 91% | 187%,9% | 43% | 91% | 187%
Ugaoo,description,"Ugaoo is an online plant store specializing in a wide range of gardening products, including_. uilaoo","is an online plant store specializing in a wide range of gardening products, including_. uilaoo"
Unikt larande,growth_metrics,-2% | -2% | 29% | 37%,-2% | 29% | 37%
UserVoice,description,UserVoice is a software company that specializes in product feedback manageme uservoice com Raleigh uxiervoice,is a software company that specializes in product feedback manageme uservoice com Raleigh uxiervoice
UserVoice,growth_metrics,2% | 2% | -13% | ~27% | -32% | -32%,2% | -13% | ~27% | -32%
Verity,description,Verity is automated inventory management solutions__ technology company specializing in verity net verity-studios,is automated inventory management solutions__ technology company specializing in verity net verity-studios
Verity,growth_metrics,4% | 5% | ~10% | 10% | 37% | 85% | 187% | 85% | 43%,4% | 5% | ~10% | 10% | 37% | 85% | 187% | 43%
Vertuoza,growth_metrics,"2% | 11% | 33% | 48% | 189% | 723% | 5,250% | -13%",2% | 11% | 33% | 48% | 189% | 723% | 250% | -13%
Vitally,description,Vitally is provides businesses with tools Customer Success atform that enhance. vitally io Brooklyn vitally. io,is provides businesses with tools Customer Success atform that enhance. vitally io Brooklyn vitally. io
Voxware,growth_metrics,2% | 2% | -24% | -24% | -26%,2% | -24% | -26%
Waitwhile,description,Waitwhile is a technology company that provides customer flow management__ San Francisco waitwhile,is a technology company that provides customer flow management__ San Francisco waitwhile
Waitwhile,growth_metrics,"5% | 8% | 8 % | 15% | 15 % | 2% | -11% | 123% | 1,166% | -19%",5% | 8% | 8 % | 15% | 15 % | 2% | -11% | 123% | 166% | -19%
Wakeo,growth_metrics,~4% | 4% | 9% | 25% | 51% | 195% | 300% | 25%,~4% | 4% | 9% | 25% | 51% | 195% | 300%
"Webgility, Inc",company,"Webgility, Inc:","Webgility, Inc"
Webshippy,description,Webshippy i specializes fulfillment and dropshipping__ logistics company that webshippy com Hungary ebshippy,i specializes fulfillment and dropshipping__ logistics company that webshippy com Hungary ebshippy
Webshippy,growth_metrics,~9% | ~9% | -7% | -28% | ~53% | 2% | 85%,~9% | -7% | -28% | ~53% | 2% | 85%
Whimsical,description,"Whimsical is provides digital tools for product teams, software company that whimsical com Denver whimsical","is provides digital tools for product teams, software company that whimsical com Denver whimsical"
Workpath,description,Workpath is a business solutions provider specializing in strategy execution and__ workpath com workpathhq,is a business solutions provider specializing in strategy execution and__ workpath com workpathhq
Workpath,growth_metrics,2% | ~2% | 2% | ~20% | -20% | 56% | -68 % | -22% | 46% | 8 %,2% | ~2% | ~20% | -20% | 56% | -68 % | -22% | 46% | 8 %
Worldia,growth_metrics,0% | 0% | 3% | 22% | 69% | 149% | 183% | 1%,0% | 3% | 22% | 69% | 149% | 183% | 1%
Worldly,description,Worldly is a sustainability consulting company that provides tools and insights for brands__. (USA) Ig-co,is a sustainability consulting company that provides tools and insights for brands__. (USA) Ig-co
YottaMark,growth_metrics,-12% | 12% | -12%,-12% | 12%
Zencargo,description,Zencargo is a logistics company specializing in digital freight forwarding and supply chain. London zencargo,is a logistics company specializing in digital freight forwarding and supply chain. London zencargo
Zencargo,growth_metrics,0% | F1% | -4% | 4% | 23% | 48% | -22% | 40% | 13%,0% | 1% | -4% | 4% | 23% | 48% | -22% | 40% | 13%
Zeroboard,description,Zeroboard Inc. and software solutions provider that: sustainability consulting zeroboard jp #roboard,Inc. and software solutions provider that: sustainability consulting zeroboard jp #roboard
zeroheight,description,zeroheight is a design system management platform that provides tools for design and__ zeroheight com e United Kingdom (UK) England London zero-height,is a design system management platform that provides tools for design and__ zeroheight com e United Kingdom (UK) England London zero-height
Zthonline,headcount,"""201-500",
Zthonline,growth_metrics,8% | 4% | 4% | ~7% | -7% | -10% | -23% | ~36% | -36% | ~0% | 0%,8% | 4% | ~7% | -7% | -10% | -23% | ~36% | -36% | ~0% | 0%
Zubale,description,Zubale is a technology company specializing in e-commerce solutions. It offers software_ zubale com zlibale,is a technology company specializing in e-commerce solutions. It offers software_ zubale com zlibale
Zubale,growth_metrics,"6% | 14% | 34% | 55% | 152% | 692% | 2,551% | 19%",6% | 14% | 34% | 55% | 152% | 692% | 551% | 19%
Zuum App,growth_metrics,-18 % | ~27% | -27% | ~34% | 34% | -28% | -49% | -28% | 14% | -10%,-18 % | ~27% | -27% | ~34% | 34% | -28% | -49% | 14% | -10%
